{"Micro F1": 0.8953443133186357, "_timestamp": 1709369139.588494, "_runtime": 17.60240411758423, "_step": 99, "_wandb": {"runtime": 15}}