{"ROC-AUC": 0.7888825577257821, "_timestamp": 1709303405.8869288, "_runtime": 71.46611189842224, "_step": 99, "_wandb": {"runtime": 69}}