{"MSE": 0.9183100461959839, "_timestamp": 1709460894.486718, "_runtime": 111.04591202735901, "_step": 199, "_wandb": {"runtime": 109}}