{"MSE": 0.5530219674110413, "_timestamp": 1709465459.401855, "_runtime": 496.4783480167389, "_step": 199, "_wandb": {"runtime": 495}}