{"ListenStart": 1709453697.619545, "_timestamp": 1709453759.551611, "_runtime": 84.55126404762268, "_step": 22, "Comm/send_delay": 0.0025300979614257812, "BusyTime": 4.202116966247559}