{"Micro F1": 0.8069390511565084, "_timestamp": 1709368050.146015, "_runtime": 22.175029039382935, "_step": 99, "_wandb": {"runtime": 20}}