{"ListenStart": 1709471228.745041, "_timestamp": 1709471896.9965591, "_runtime": 762.1748652458191, "_step": 201, "Comm/send_delay": 0.0026319026947021484, "BusyTime": 6.128680229187012, "TotalTime": 668.2515072822571, "_wandb": {"runtime": 759}}