{"Comm/send_delay": 0.0027811527252197266, "_timestamp": 1709272090.355222, "_runtime": 21.465478897094727, "_step": 1301, "ListenStart": 1709272073.019352, "Client 0 Test/Micro F1": 0.9116047144152313, "Client 1 Test/Micro F1": 0.9116047144152313, "Client 2 Test/Micro F1": 0.9116047144152313, "Client 3 Test/Micro F1": 0.9116047144152313, "Client 4 Test/Micro F1": 0.9116047144152313, "Client 5 Test/Micro F1": 0.9116047144152313, "Client 6 Test/Micro F1": 0.9116047144152313, "Client 7 Test/Micro F1": 0.9116047144152313, "Client 8 Test/Micro F1": 0.9116047144152313, "Client 9 Test/Micro F1": 0.9116047144152313, "Test/ Micro F1": 0.9116047144152313, "BusyTime": 0.11414289474487305, "TotalTime": 17.3358371257782, "_wandb": {"runtime": 20}}