{"Micro F1": 0.7574375453508861, "_timestamp": 1709368688.501068, "_runtime": 18.008361101150513, "_step": 99, "_wandb": {"runtime": 16}}