{"Comm/send_delay": 0.0019838809967041016, "_timestamp": 1708846403.5066838, "_runtime": 328.76991271972656, "_step": 701, "ListenStart": 1708846078.170919, "Client 0 Test/ROC-AUC": 0.49584438549955795, "Client 1 Test/ROC-AUC": 0.49584438549955795, "Client 2 Test/ROC-AUC": 0.49584438549955795, "Client 3 Test/ROC-AUC": 0.49584438549955795, "Test/ROC-AUC": 0.49584438549955795, "BusyTime": 0.3146069049835205, "TotalTime": 325.33575797080994, "_wandb": {"runtime": 327}}