{"MSE": 1.7578692436218262, "_timestamp": 1709484773.497319, "_runtime": 1112.6487419605255, "_step": 99, "_wandb": {"runtime": 1110}}