{"Comm/send_delay": 0.0019381046295166016, "_timestamp": 1708845385.0244522, "_runtime": 663.361159324646, "_step": 1401, "ListenStart": 1708844725.216665, "Client 0 Test/ROC-AUC": 0.5050397877984085, "Client 1 Test/ROC-AUC": 0.5050397877984085, "Client 2 Test/ROC-AUC": 0.5050397877984085, "Client 3 Test/ROC-AUC": 0.5050397877984085, "Test/ROC-AUC": 0.5050397877984085, "BusyTime": 0.3317902088165283, "TotalTime": 659.8077819347382, "_wandb": {"runtime": 662}}