{"MSE": 0.6709952354431152, "_timestamp": 1709460982.893861, "_runtime": 82.35448098182678, "_step": 199, "_wandb": {"runtime": 80}}