{"ListenStart": 1709298969.106071, "_timestamp": 1709299118.717976, "_runtime": 159.36340308189392, "_step": 201, "Comm/send_delay": 0.0023000240325927734, "BusyTime": 1.4427409172058105, "TotalTime": 149.6118950843811, "_wandb": {"runtime": 158}}