{"Comm/send_delay": 0.0033359527587890625, "_timestamp": 1709401948.373111, "_runtime": 196.32940912246704, "_step": 701, "ListenStart": 1709401776.905107, "Client 0 Test/MAE": 0.6196185350418091, "MAE, RMSE, MSE": [[0.5614602565765381], [0.7665945887565613], [0.5876672863960266]], "Client 1 Test/MAE": 0.5444898009300232, "Client 2 Test/MAE": 0.5294429063796997, "Client 3 Test/MAE": 0.5637528896331787, "MAE, RMSE, MSE = ": [0.5637528896331787, 0.7592317461967468, 0.5809229016304016], "BusyTime": 0.5322949886322021, "TotalTime": 171.46799778938293, "_wandb": {"runtime": 192}}