{"ROC-AUC": 0.8212712654953214, "_timestamp": 1709303090.346933, "_runtime": 228.2086238861084, "_step": 99, "_wandb": {"runtime": 227}}