{"Comm/send_delay": 0.0020248889923095703, "_timestamp": 1709358106.347647, "_runtime": 18.313676834106445, "_step": 1301, "ListenStart": 1709358091.7009711, "Client 0 Test/Micro F1": 0.9116047144152313, "Client 1 Test/Micro F1": 0.9116047144152313, "Client 2 Test/Micro F1": 0.9116047144152313, "Client 3 Test/Micro F1": 0.9116047144152313, "Client 4 Test/Micro F1": 0.9116047144152313, "Client 5 Test/Micro F1": 0.9116047144152313, "Client 6 Test/Micro F1": 0.9116047144152313, "Client 7 Test/Micro F1": 0.9116047144152313, "Client 8 Test/Micro F1": 0.9116047144152313, "Client 9 Test/Micro F1": 0.9116047144152313, "Test/ Micro F1": 0.9116047144152313, "BusyTime": 0.10435986518859863, "TotalTime": 14.646669864654541, "_wandb": {"runtime": 17}}