{"MSE": 1.7171306610107422, "_timestamp": 1709485266.738183, "_runtime": 417.54814195632935, "_step": 99, "_wandb": {"runtime": 416}}