{"Comm/send_delay": 0.0034639835357666016, "_timestamp": 1709474886.706676, "_runtime": 664.860081911087, "_step": 148, "ListenStart": 1709474309.966202, "Client 0 Test/MAE": 1.6658378839492798, "MAE, RMSE, MSE": [[1.6641430854797363], [1.8345165252685547], [3.3654510974884033]], "Client 1 Test/MAE": 1.59795343875885, "Client 2 Test/MAE": 1.7596086263656616, "Client 3 Test/MAE": 1.6641430854797363, "Test / MSE": 3.379971504211426, "BusyTime": 10.108807802200317}