{"ListenStart": 1708839500.9988968, "_timestamp": 1708839833.7202728, "_runtime": 336.34071469306946, "_step": 201, "Comm/send_delay": 0.001741170883178711, "BusyTime": 3.4512999057769775, "TotalTime": 332.7213649749756, "_wandb": {"runtime": 335}}