{"ListenStart": 1709299954.295199, "_timestamp": 1709300131.053557, "_runtime": 180.11652302742004, "_step": 201, "Comm/send_delay": 0.0016391277313232422, "BusyTime": 1.720041036605835, "TotalTime": 176.75834918022156, "_wandb": {"runtime": 179}}