{"Micro F1": 0.8992348592919206, "_timestamp": 1709369013.7578769, "_runtime": 19.04061198234558, "_step": 99, "_wandb": {"runtime": 17}}