{"Micro F1": 0.748522856846688, "_timestamp": 1709368592.510157, "_runtime": 19.91003704071045, "_step": 99, "_wandb": {"runtime": 16}}