{"ListenStart": 1709401776.9008582, "_timestamp": 1709401948.3749802, "_runtime": 196.33189415931702, "_step": 201, "Comm/send_delay": 0.0021140575408935547, "BusyTime": 2.125847101211548, "TotalTime": 171.4741108417511, "_wandb": {"runtime": 192}}