{"MSE": 1.881130337715149, "_timestamp": 1709483653.894162, "_runtime": 1364.0781090259552, "_step": 99, "_wandb": {"runtime": 1362}}