{"Micro F1": 0.8735572558682402, "_timestamp": 1709369064.959121, "_runtime": 16.7968430519104, "_step": 99, "_wandb": {"runtime": 15}}