{"Comm/send_delay": 0.0027430057525634766, "_timestamp": 1709452233.560369, "_runtime": 272.548485994339, "_step": 701, "ListenStart": 1709451981.48127, "Client 0 Test/MAE": 1.238366961479187, "MAE, RMSE, MSE": [[1.280368447303772], [1.3609987497329712], [1.8523176908493042]], "Client 1 Test/MAE": 1.2732068300247192, "Client 2 Test/MAE": 1.3471177816390991, "Client 3 Test/MAE": 1.280368447303772, "Test / MSE": 1.8634089231491089, "BusyTime": 0.5818989276885986, "TotalTime": 252.07909083366394, "_wandb": {"runtime": 271}}