{"MSE": 0.8881943225860596, "_timestamp": 1709461144.5477629, "_runtime": 78.15975379943848, "_step": 199, "_wandb": {"runtime": 76}}