{"Comm/send_delay": 0.002428770065307617, "_timestamp": 1709453760.361622, "_runtime": 85.36171007156372, "_step": 74, "ListenStart": 1709453697.6210759, "Client 0 Test/MAE": 0.5546879768371582, "MAE, RMSE, MSE": [[0.34152618050575256], [0.7597071528434753], [0.5771549344062805]], "Client 1 Test/MAE": 0.4155488908290863, "Client 2 Test/MAE": 0.34152618050575256, "Client 3 Test/MAE": 0.5503264665603638, "Test / MSE": 0.606817364692688, "BusyTime": 1.3367509841918945}