{"ListenStart": 1708884909.571579, "_timestamp": 1708885012.363016, "_runtime": 110.26308298110962, "_step": 201, "Comm/send_delay": 0.003566741943359375, "BusyTime": 0.9292149543762207, "TotalTime": 102.79140591621399, "_wandb": {"runtime": 109}}