{"ListenStart": 1708884909.2035131, "_timestamp": 1708885012.363169, "_runtime": 110.53308606147766, "_step": 201, "Comm/send_delay": 0.002686023712158203, "BusyTime": 0.952564001083374, "TotalTime": 103.1596417427063, "_wandb": {"runtime": 109}}