{"Micro F1": 0.6602052451539339, "_timestamp": 1709368712.1462898, "_runtime": 17.200231790542603, "_step": 99, "_wandb": {"runtime": 15}}