{"ListenStart": 1709453827.116959, "_timestamp": 1709454360.28228, "_runtime": 554.1518678665161, "_step": 201, "Comm/send_delay": 0.0023658275604248047, "BusyTime": 5.27122688293457, "TotalTime": 533.1653099060059, "_wandb": {"runtime": 553}}