{"ListenStart": 1709272073.014213, "_timestamp": 1709272090.355254, "_runtime": 21.465579986572266, "_step": 201, "Comm/send_delay": 0.0019199848175048828, "BusyTime": 0.1689608097076416, "TotalTime": 17.34103512763977, "_wandb": {"runtime": 20}}