{"MSE": 0.8632079362869263, "_timestamp": 1709466128.694396, "_runtime": 351.6406919956207, "_step": 199, "_wandb": {"runtime": 349}}