{"Comm/send_delay": 0.0022890567779541016, "_timestamp": 1708847113.356415, "_runtime": 643.9868941307068, "_step": 701, "ListenStart": 1708846472.782263, "Client 0 Test/ROC-AUC": 0.8450928381962864, "Client 1 Test/ROC-AUC": 0.8450928381962864, "Client 2 Test/ROC-AUC": 0.8450928381962864, "Client 3 Test/ROC-AUC": 0.8450928381962864, "Test/ROC-AUC": 0.8450928381962864, "BusyTime": 0.5067110061645508, "TotalTime": 640.5741209983826, "_wandb": {"runtime": 643}}