{"Comm/send_delay": 0.002543210983276367, "_timestamp": 1709471896.994171, "_runtime": 762.1724739074707, "_step": 701, "ListenStart": 1709471228.747231, "Client 0 Test/MAE": 0.8409437537193298, "MAE, RMSE, MSE": [[0.8847810626029968], [1.1808314323425293], [1.3943628072738647]], "Client 1 Test/MAE": 0.9330896139144897, "Client 2 Test/MAE": 0.8909618258476257, "Client 3 Test/MAE": 0.8847810626029968, "Test / MSE": 1.3742916584014893, "BusyTime": 1.671391248703003, "TotalTime": 668.2469282150269, "_wandb": {"runtime": 761}}