{"ListenStart": 1708884909.858203, "_timestamp": 1708885012.3630521, "_runtime": 110.27442812919617, "_step": 201, "Comm/send_delay": 0.003736257553100586, "BusyTime": 0.9484291076660156, "TotalTime": 102.50481605529785, "_wandb": {"runtime": 109}}