{"Micro F1": 0.8293094715515786, "_timestamp": 1709367813.9476311, "_runtime": 22.764300107955933, "_step": 99, "_wandb": {"runtime": 20}}