{"ROC-AUC": 0.8842603296231463, "_timestamp": 1709302192.571094, "_runtime": 115.21512413024902, "_step": 99, "_wandb": {"runtime": 114}}