{"Micro F1": 0.8987161198288159, "_timestamp": 1709369090.349483, "_runtime": 20.259795904159546, "_step": 99, "_wandb": {"runtime": 18}}