{"ListenStart": 1708770958.9459682, "_timestamp": 1708771069.046088, "_runtime": 114.71345901489258, "_step": 201, "Comm/send_delay": 0.002167224884033203, "BusyTime": 1.062417984008789, "TotalTime": 110.10011196136475, "_wandb": {"runtime": 113}}