{"ROC-AUC": 0.8647577644196365, "_timestamp": 1709302235.724622, "_runtime": 36.18117594718933, "_step": 99, "_wandb": {"runtime": 34}}