{"Comm/send_delay": 0.0027608871459960938, "_timestamp": 1709301399.458056, "_runtime": 58.58407688140869, "_step": 218, "ListenStart": 1709301344.765978, "Client 0 Test/ROC-AUC": 0.9004001176005807, "Client 1 Test/ROC-AUC": 0.9004001176005807, "Client 2 Test/ROC-AUC": 0.9004001176005807, "Client 3 Test/ROC-AUC": 0.9004001176005807, "Test/ROC-AUC": 0.9004001176005807, "BusyTime": 0.3248629570007324}