{"ListenStart": 1709300279.8751512, "_timestamp": 1709300458.071137, "_runtime": 181.65220189094543, "_step": 201, "Comm/send_delay": 0.0016679763793945312, "BusyTime": 1.8159668445587158, "TotalTime": 178.19597578048706, "_wandb": {"runtime": 180}}