{"ListenStart": 1709448714.4268742, "_timestamp": 1709448833.284481, "_runtime": 126.36768007278442, "_step": 201, "Comm/send_delay": 0.0023250579833984375, "BusyTime": 1.1581172943115234, "TotalTime": 118.85759687423706, "_wandb": {"runtime": 125}}