{"Comm/send_delay": 0.002340078353881836, "_timestamp": 1709448632.939643, "_runtime": 138.8847258090973, "_step": 1301, "ListenStart": 1709448502.48893, "Client 0 Test/Micro F1": 0.8113253900012284, "Client 1 Test/Micro F1": 0.8113253900012284, "Client 2 Test/Micro F1": 0.8113253900012284, "Client 3 Test/Micro F1": 0.8113253900012284, "Client 4 Test/Micro F1": 0.8113253900012284, "Client 5 Test/Micro F1": 0.8113253900012284, "Client 6 Test/Micro F1": 0.8113253900012284, "Client 7 Test/Micro F1": 0.8113253900012284, "Client 8 Test/Micro F1": 0.8113253900012284, "Client 9 Test/Micro F1": 0.8113253900012284, "Test/ Micro F1": 0.8113253900012284, "BusyTime": 0.6941142082214355, "TotalTime": 130.45067191123962, "_wandb": {"runtime": 137}}