{"ListenStart": 1709298156.806829, "_timestamp": 1709298465.5709782, "_runtime": 313.3642952442169, "_step": 201, "Comm/send_delay": 0.0014431476593017578, "BusyTime": 4.256284713745117, "TotalTime": 308.7641091346741, "_wandb": {"runtime": 311}}