{"ListenStart": 1709451981.479865, "_timestamp": 1709452233.562461, "_runtime": 272.63370299339294, "_step": 201, "Comm/send_delay": 0.0021610260009765625, "BusyTime": 2.7052738666534424, "TotalTime": 252.08258390426636, "_wandb": {"runtime": 271}}