{"ListenStart": 1709474309.048832, "_timestamp": 1709474876.597455, "_runtime": 654.7507491111755, "_step": 42, "Comm/send_delay": 0.002515077590942383, "BusyTime": 18.240635871887207}