{"ListenStart": 1708884909.483327, "_timestamp": 1708885012.362258, "_runtime": 110.53389000892639, "_step": 201, "Comm/send_delay": 0.002805948257446289, "BusyTime": 0.955327033996582, "TotalTime": 102.87891411781311, "_wandb": {"runtime": 109}}