{"Comm/send_delay": 0.0016589164733886719, "_timestamp": 1709298574.692885, "_runtime": 181.83227801322937, "_step": 701, "ListenStart": 1709298406.254338, "Client 0 Test/ROC-AUC": 0.4185676392572944, "Client 1 Test/ROC-AUC": 0.4185676392572944, "Client 2 Test/ROC-AUC": 0.4185676392572944, "Client 3 Test/ROC-AUC": 0.4185676392572944, "Test/ROC-AUC": 0.4185676392572944, "BusyTime": 0.24292874336242676, "TotalTime": 168.43853998184204, "_wandb": {"runtime": 181}}