{"Comm/send_delay": 0.007314920425415039, "_timestamp": 1708885012.3609228, "_runtime": 110.18235683441162, "_step": 3101, "ListenStart": 1708884909.8965702, "BusyTime": 0.24559402465820312, "Client 0 Test/Micro F1": 0.9578422484134179, "Client 1 Test/Micro F1": 0.9578422484134179, "Client 2 Test/Micro F1": 0.9578422484134179, "Client 3 Test/Micro F1": 0.9578422484134179, "Client 4 Test/Micro F1": 0.9578422484134179, "Client 5 Test/Micro F1": 0.9578422484134179, "Client 6 Test/Micro F1": 0.9578422484134179, "Client 7 Test/Micro F1": 0.9578422484134179, "Client 8 Test/Micro F1": 0.9578422484134179, "Client 9 Test/Micro F1": 0.9578422484134179, "Test/ Micro F1": 0.9578422484134178, "TotalTime": 102.46432876586914, "_wandb": {"runtime": 109}}