{"Micro F1": 0.8745947347944495, "_timestamp": 1709369234.750419, "_runtime": 17.02795696258545, "_step": 99, "_wandb": {"runtime": 15}}