{"ListenStart": 1709453631.804062, "_timestamp": 1709453642.866894, "_runtime": 33.413146018981934, "_step": 4, "Comm/send_delay": 0.0029168128967285156, "BusyTime": 4.728584051132202}