{"ListenStart": 1709357940.145308, "_timestamp": 1709357956.593587, "_runtime": 20.081521034240723, "_step": 201, "Comm/send_delay": 0.002399921417236328, "BusyTime": 0.19036293029785156, "TotalTime": 16.448272943496704, "_wandb": {"runtime": 19}}