{"ListenStart": 1708884909.486903, "_timestamp": 1708885012.3670201, "_runtime": 110.5390272140503, "_step": 201, "Comm/send_delay": 0.0034079551696777344, "BusyTime": 0.9674601554870605, "TotalTime": 102.88010096549988, "_wandb": {"runtime": 109}}