{"Comm/send_delay": 0.0028340816497802734, "_timestamp": 1709287426.54673, "_runtime": 310.0621440410614, "_step": 701, "ListenStart": 1709287120.811933, "Client 0 Test/ROC-AUC": 0.7828947368421053, "Client 1 Test/ROC-AUC": 0.7828947368421053, "Client 2 Test/ROC-AUC": 0.7828947368421053, "Client 3 Test/ROC-AUC": 0.7828947368421053, "Test/ROC-AUC": 0.7828947368421053, "BusyTime": 0.4531257152557373, "TotalTime": 305.7347888946533, "_wandb": {"runtime": 308}}