{"ListenStart": 1708884909.5883598, "_timestamp": 1708885012.362816, "_runtime": 110.28852605819702, "_step": 201, "Comm/send_delay": 0.0028710365295410156, "BusyTime": 0.9401130676269531, "TotalTime": 102.77442622184753, "_wandb": {"runtime": 109}}