{"Micro F1": 0.8406213067702178, "_timestamp": 1709367784.827759, "_runtime": 180.42100191116333, "_step": 99, "_wandb": {"runtime": 179}}