{"Comm/send_delay": 0.002568960189819336, "_timestamp": 1709357956.595126, "_runtime": 20.08490800857544, "_step": 1301, "ListenStart": 1709357940.150029, "Client 0 Test/Micro F1": 0.9256572982774252, "Client 1 Test/Micro F1": 0.9256572982774252, "Client 2 Test/Micro F1": 0.9256572982774252, "Client 3 Test/Micro F1": 0.9256572982774252, "Client 4 Test/Micro F1": 0.9256572982774252, "Client 5 Test/Micro F1": 0.9256572982774252, "Client 6 Test/Micro F1": 0.9256572982774252, "Client 7 Test/Micro F1": 0.9256572982774252, "Client 8 Test/Micro F1": 0.9256572982774252, "Client 9 Test/Micro F1": 0.9256572982774252, "Test/ Micro F1": 0.9256572982774252, "BusyTime": 0.143571138381958, "TotalTime": 16.445082902908325, "_wandb": {"runtime": 19}}