{"Comm/send_delay": 0.0016047954559326172, "_timestamp": 1709300458.0711029, "_runtime": 181.65383982658386, "_step": 701, "ListenStart": 1709300279.961524, "Client 0 Test/ROC-AUC": 0.4464190981432361, "Client 1 Test/ROC-AUC": 0.4464190981432361, "Client 2 Test/ROC-AUC": 0.4464190981432361, "Client 3 Test/ROC-AUC": 0.4464190981432361, "Test/ROC-AUC": 0.4464190981432361, "BusyTime": 0.35573887825012207, "TotalTime": 178.10957407951355, "_wandb": {"runtime": 180}}