{"ListenStart": 1708884909.798207, "_timestamp": 1708885012.3610392, "_runtime": 110.25620222091675, "_step": 201, "Comm/send_delay": 0.0024077892303466797, "BusyTime": 0.9427058696746826, "TotalTime": 102.56281995773315, "_wandb": {"runtime": 109}}