{"MSE": 0.8341147899627686, "_timestamp": 1709465769.9232, "_runtime": 303.88048791885376, "_step": 199, "_wandb": {"runtime": 302}}