{"Micro F1": 0.6330465429667254, "_timestamp": 1709368640.189413, "_runtime": 18.655521154403687, "_step": 99, "_wandb": {"runtime": 16}}