{"ListenStart": 1709452877.259614, "_timestamp": 1709453136.998869, "_runtime": 280.220871925354, "_step": 201, "Comm/send_delay": 0.0032761096954345703, "BusyTime": 2.87992000579834, "TotalTime": 259.73924493789673, "_wandb": {"runtime": 279}}