{"ListenStart": 1709300853.056659, "_timestamp": 1709301222.348602, "_runtime": 372.7434389591217, "_step": 201, "Comm/send_delay": 0.0030410289764404297, "BusyTime": 4.697804927825928, "TotalTime": 369.29193210601807, "_wandb": {"runtime": 371}}