{"Micro F1": 0.8187573864595644, "_timestamp": 1709367907.428051, "_runtime": 25.290153980255127, "_step": 99, "_wandb": {"runtime": 23}}