{"Micro F1": 0.6664247952731419, "_timestamp": 1709368519.203101, "_runtime": 16.643980026245117, "_step": 99, "_wandb": {"runtime": 14}}