{"MSE": 0.8310339450836182, "_timestamp": 1709460775.984276, "_runtime": 148.03182697296143, "_step": 199, "_wandb": {"runtime": 146}}