{"MSE": 1.7673771381378174, "_timestamp": 1709482283.200747, "_runtime": 1122.4038310050964, "_step": 99, "_wandb": {"runtime": 1120}}