{"ListenStart": 1709472925.386688, "_timestamp": 1709473993.373296, "_runtime": 1156.4740099906921, "_step": 201, "Comm/send_delay": 0.002855062484741211, "BusyTime": 11.025917053222656, "TotalTime": 1067.9865951538086, "_wandb": {"runtime": 1155}}