{"Micro F1": 0.8219652203275367, "_timestamp": 1709368022.4453208, "_runtime": 22.373098850250244, "_step": 99, "_wandb": {"runtime": 20}}