{"Micro F1": 0.8259328043221339, "_timestamp": 1709367965.429615, "_runtime": 23.367949962615967, "_step": 99, "_wandb": {"runtime": 21}}