{"ListenStart": 1708846078.167941, "_timestamp": 1708846403.5069382, "_runtime": 328.76781821250916, "_step": 201, "Comm/send_delay": 0.002348184585571289, "BusyTime": 3.19691801071167, "TotalTime": 325.338987827301, "_wandb": {"runtime": 327}}