{"Micro F1": 0.8333160568052245, "_timestamp": 1709368469.074173, "_runtime": 160.34947991371155, "_step": 99, "_wandb": {"runtime": 159}}