{"Comm/send_delay": 0.0020580291748046875, "_timestamp": 1709448383.292421, "_runtime": 122.2845401763916, "_step": 1301, "ListenStart": 1709448269.007461, "Client 0 Test/Micro F1": 0.8072718339270359, "Client 1 Test/Micro F1": 0.8072718339270359, "Client 2 Test/Micro F1": 0.8072718339270359, "Client 3 Test/Micro F1": 0.8072718339270359, "Client 4 Test/Micro F1": 0.8072718339270359, "Client 5 Test/Micro F1": 0.8072718339270359, "Client 6 Test/Micro F1": 0.8072718339270359, "Client 7 Test/Micro F1": 0.8072718339270359, "Client 8 Test/Micro F1": 0.8072718339270359, "Client 9 Test/Micro F1": 0.8072718339270359, "Test/ Micro F1": 0.8072718339270359, "BusyTime": 0.6653189659118652, "TotalTime": 114.28495287895203, "_wandb": {"runtime": 121}}