{"Comm/send_delay": 0.0013709068298339844, "_timestamp": 1709300131.05347, "_runtime": 180.190988779068, "_step": 701, "ListenStart": 1709299954.2966342, "Client 0 Test/ROC-AUC": 0.9026832226234117, "Client 1 Test/ROC-AUC": 0.9026832226234117, "Client 2 Test/ROC-AUC": 0.9026832226234117, "Client 3 Test/ROC-AUC": 0.9026832226234117, "Test/ROC-AUC": 0.9026832226234117, "BusyTime": 0.36092495918273926, "TotalTime": 176.75682997703552, "_wandb": {"runtime": 179}}