{"Comm/send_delay": 0.0017800331115722656, "_timestamp": 1709301222.34923, "_runtime": 372.74405097961426, "_step": 701, "ListenStart": 1709300853.061367, "Client 0 Test/ROC-AUC": 0.9060481611127955, "Client 1 Test/ROC-AUC": 0.9060481611127955, "Client 2 Test/ROC-AUC": 0.9060481611127955, "Client 3 Test/ROC-AUC": 0.9060481611127955, "Test/ROC-AUC": 0.9060481611127955, "BusyTime": 0.8553071022033691, "TotalTime": 369.28785586357117, "_wandb": {"runtime": 371}}