{"ListenStart": 1709301019.148368, "_timestamp": 1709301225.782922, "_runtime": 217.8051221370697, "_step": 201, "Comm/send_delay": 0.0017769336700439453, "BusyTime": 1.563549280166626, "TotalTime": 206.63454914093018, "_wandb": {"runtime": 217}}