{"Micro F1": 0.9896252107379069, "_timestamp": 1709368988.400049, "_runtime": 166.8008530139923, "_step": 99, "_wandb": {"runtime": 166}}