{"ROC-AUC": 0.8336498552256388, "_timestamp": 1709302320.413672, "_runtime": 36.19466996192932, "_step": 99, "_wandb": {"runtime": 34}}