{"Micro F1": 0.9076643755673713, "_timestamp": 1709369165.346643, "_runtime": 19.400536060333252, "_step": 99, "_wandb": {"runtime": 17}}