{"Comm/send_delay": 0.0025169849395751953, "_timestamp": 1709448833.284333, "_runtime": 126.36894297599792, "_step": 1301, "ListenStart": 1709448714.4328299, "Client 0 Test/Micro F1": 0.9447242353519224, "Client 1 Test/Micro F1": 0.9447242353519224, "Client 2 Test/Micro F1": 0.9447242353519224, "Client 3 Test/Micro F1": 0.9447242353519224, "Client 4 Test/Micro F1": 0.9447242353519224, "Client 5 Test/Micro F1": 0.9447242353519224, "Client 6 Test/Micro F1": 0.9447242353519224, "Client 7 Test/Micro F1": 0.9447242353519224, "Client 8 Test/Micro F1": 0.9447242353519224, "Client 9 Test/Micro F1": 0.9447242353519224, "Test/ Micro F1": 0.9447242353519224, "BusyTime": 0.6067028045654297, "TotalTime": 118.85147500038147, "_wandb": {"runtime": 125}}