{"Micro F1": 0.637400228050171, "_timestamp": 1709368567.335434, "_runtime": 18.82011389732361, "_step": 99, "_wandb": {"runtime": 17}}