{"Comm/send_delay": 0.00232696533203125, "_timestamp": 1709287010.7671502, "_runtime": 20.14211106300354, "_step": 36, "ListenStart": 1709286994.5884821, "Client 0 Test/ROC-AUC": 0.5328947368421053, "Client 1 Test/ROC-AUC": 0.5328947368421053, "Client 2 Test/ROC-AUC": 0.5328947368421053, "Client 3 Test/ROC-AUC": 0.5328947368421053, "Test/ROC-AUC": 0.5328947368421053, "BusyTime": 0.5887689590454102, "TotalTime": 16.178638696670532, "_wandb": {"runtime": 18}}