{"Comm/send_delay": 0.0018589496612548828, "_timestamp": 1708771069.0459352, "_runtime": 114.7819881439209, "_step": 701, "ListenStart": 1708770959.238028, "Client 0 Test/ROC-AUC": 0.5824628134101413, "Client 1 Test/ROC-AUC": 0.5824628134101413, "Client 2 Test/ROC-AUC": 0.5824628134101413, "Client 3 Test/ROC-AUC": 0.5824628134101413, "Test/ROC-AUC": 0.5824628134101413, "BusyTime": 0.3136460781097412, "TotalTime": 109.80790185928345, "_wandb": {"runtime": 113}}