{"MSE": 0.8184901475906372, "_timestamp": 1709466753.659991, "_runtime": 292.9767019748688, "_step": 199, "_wandb": {"runtime": 291}}