{"Micro F1": 0.8745947347944495, "_timestamp": 1709369115.708304, "_runtime": 19.67700695991516, "_step": 99, "_wandb": {"runtime": 17}}