{"Comm/send_delay": 0.002233743667602539, "_timestamp": 1709451845.934176, "_runtime": 173.49358701705933, "_step": 701, "ListenStart": 1709451692.540457, "Client 0 Test/MAE": 0.6240667700767517, "MAE, RMSE, MSE": [[0.57192462682724], [0.7679422497749329], [0.5897352695465088]], "Client 1 Test/MAE": 0.5535609126091003, "Client 2 Test/MAE": 0.5422771573066711, "Client 3 Test/MAE": 0.57192462682724, "Test / MSE": 0.5825591087341309, "BusyTime": 0.31491708755493164, "TotalTime": 153.39371490478516, "_wandb": {"runtime": 172}}