{"ListenStart": 1708873606.0067892, "_timestamp": 1708873755.366843, "_runtime": 153.4570870399475, "_step": 201, "Comm/send_delay": 0.0016226768493652344, "BusyTime": 1.4718408584594727, "TotalTime": 149.36004877090454, "_wandb": {"runtime": 152}}