{"ListenStart": 1708884908.8416698, "_timestamp": 1708885012.3623302, "_runtime": 110.5045952796936, "_step": 201, "Comm/send_delay": 0.003259897232055664, "BusyTime": 0.9344749450683594, "TotalTime": 103.52064633369446, "_wandb": {"runtime": 109}}