{"Micro F1": 0.8236535539422589, "_timestamp": 1709367875.961468, "_runtime": 25.832310914993286, "_step": 99, "_wandb": {"runtime": 24}}