{"Micro F1": 0.8210366368394395, "_timestamp": 1709367936.0566468, "_runtime": 21.82547688484192, "_step": 99, "_wandb": {"runtime": 20}}