{"ListenStart": 1709448502.483552, "_timestamp": 1709448632.940109, "_runtime": 138.88519191741943, "_step": 201, "Comm/send_delay": 0.002424001693725586, "BusyTime": 1.2750928401947021, "TotalTime": 130.45653700828552, "_wandb": {"runtime": 137}}