{"Comm/send_delay": 0.0034978389739990234, "_timestamp": 1709454360.279666, "_runtime": 554.1534390449524, "_step": 701, "ListenStart": 1709453827.119466, "Client 0 Test/MAE": 0.6364940404891968, "MAE, RMSE, MSE": [[0.5980879068374634], [0.7789682149887085], [0.6067914366722107]], "Client 1 Test/MAE": 0.5687032341957092, "Client 2 Test/MAE": 0.5758304595947266, "Client 3 Test/MAE": 0.5980879068374634, "Test / MSE": 0.5976995229721069, "BusyTime": 1.341799020767212, "TotalTime": 533.160190820694, "_wandb": {"runtime": 553}}