{"ROC-AUC": 0.8714597714436702, "_timestamp": 1709302362.650232, "_runtime": 35.63774013519287, "_step": 99, "_wandb": {"runtime": 33}}