{"ListenStart": 1709287120.810229, "_timestamp": 1709287426.547047, "_runtime": 310.0623879432678, "_step": 201, "Comm/send_delay": 0.0026319026947021484, "BusyTime": 2.9709560871124268, "TotalTime": 305.73679208755493, "_wandb": {"runtime": 308}}