{"Micro F1": 0.6695345703327459, "_timestamp": 1709368494.2535198, "_runtime": 18.47799587249756, "_step": 99, "_wandb": {"runtime": 16}}