{"Comm/send_delay": 0.002579212188720703, "_timestamp": 1709299585.9851131, "_runtime": 179.00189113616943, "_step": 701, "ListenStart": 1709299410.3369632, "Client 0 Test/ROC-AUC": 0.0, "Client 1 Test/ROC-AUC": 0.0, "Client 2 Test/ROC-AUC": 0.0, "Client 3 Test/ROC-AUC": 0.0, "Test/ROC-AUC": 0.0, "BusyTime": 0.32679128646850586, "TotalTime": 175.64814281463623, "_wandb": {"runtime": 178}}