{"Micro F1": 0.6922359282678553, "_timestamp": 1709368615.8357859, "_runtime": 17.193068981170654, "_step": 99, "_wandb": {"runtime": 15}}