{"ROC-AUC": 0.7851343488839522, "_timestamp": 1709303167.8567538, "_runtime": 72.04787588119507, "_step": 99, "_wandb": {"runtime": 70}}