{"Micro F1": 0.8167313861218977, "_timestamp": 1709367994.352831, "_runtime": 22.201684951782227, "_step": 99, "_wandb": {"runtime": 20}}