{"Comm/send_delay": 0.002804994583129883, "_timestamp": 1709299118.717933, "_runtime": 159.3651900291443, "_step": 701, "ListenStart": 1709298969.173086, "Client 0 Test/ROC-AUC": 0.7805481874447392, "Client 1 Test/ROC-AUC": 0.7741821396993811, "Client 2 Test/ROC-AUC": 0.7655172413793103, "Client 3 Test/ROC-AUC": 0.7782493368700265, "Test/ROC-AUC": 0.7746242263483643, "BusyTime": 0.2400057315826416, "TotalTime": 149.54483914375305, "_wandb": {"runtime": 158}}