{"ListenStart": 1709301344.6762738, "_timestamp": 1709301400.846559, "_runtime": 59.97260308265686, "_step": 64, "Comm/send_delay": 0.002246856689453125, "BusyTime": 1.3881030082702637}