{"ListenStart": 1708840543.791946, "_timestamp": 1708840877.332521, "_runtime": 337.1921720504761, "_step": 201, "Comm/send_delay": 0.0025348663330078125, "BusyTime": 3.2854912281036377, "TotalTime": 333.5405671596527, "_wandb": {"runtime": 336}}