{"Comm/send_delay": 0.0028548240661621094, "_timestamp": 1708873755.366695, "_runtime": 153.45614790916443, "_step": 701, "ListenStart": 1708873606.010987, "Client 0 Test/ROC-AUC": 0.41255526083112287, "Client 1 Test/ROC-AUC": 0.41255526083112287, "Client 2 Test/ROC-AUC": 0.41255526083112287, "Client 3 Test/ROC-AUC": 0.41255526083112287, "Test/ROC-AUC": 0.41255526083112287, "BusyTime": 0.31656813621520996, "TotalTime": 149.35570096969604, "_wandb": {"runtime": 152}}