{"ListenStart": 1709299410.333496, "_timestamp": 1709299585.9853902, "_runtime": 179.00242519378662, "_step": 201, "Comm/send_delay": 0.002000093460083008, "BusyTime": 1.6856818199157715, "TotalTime": 175.6518840789795, "_wandb": {"runtime": 178}}