{"ROC-AUC": 0.9026901608481686, "_timestamp": 1709302278.589928, "_runtime": 36.85578894615173, "_step": 99, "_wandb": {"runtime": 34}}