{"Comm/send_delay": 0.002286195755004883, "_timestamp": 1709453136.9989738, "_runtime": 280.21882581710815, "_step": 701, "ListenStart": 1709452877.264958, "Client 0 Test/MAE": 0.6672219038009644, "MAE, RMSE, MSE": [[0.6336235404014587], [0.7895367741584778], [0.6233683228492737]], "Client 1 Test/MAE": 0.6049466133117676, "Client 2 Test/MAE": 0.6147360801696777, "Client 3 Test/MAE": 0.6336235404014587, "Test / MSE": 0.6126047968864441, "BusyTime": 0.5460848808288574, "TotalTime": 259.7340040206909, "_wandb": {"runtime": 279}}