{"ListenStart": 1709448269.002422, "_timestamp": 1709448383.292671, "_runtime": 122.2847888469696, "_step": 201, "Comm/send_delay": 0.002274036407470703, "BusyTime": 1.164599895477295, "TotalTime": 114.2902410030365, "_wandb": {"runtime": 121}}