{"MSE": 0.6501082181930542, "_timestamp": 1709462015.894793, "_runtime": 280.6878979206085, "_step": 199, "_wandb": {"runtime": 279}}