{"Micro F1": 0.6208147610656163, "_timestamp": 1709368664.85686, "_runtime": 16.801504850387573, "_step": 99, "_wandb": {"runtime": 15}}