{"Micro F1": 0.914537673453508, "_timestamp": 1709369040.196794, "_runtime": 18.76103901863098, "_step": 99, "_wandb": {"runtime": 16}}