{"ListenStart": 1708884909.3066611, "_timestamp": 1708885012.362464, "_runtime": 110.50908398628235, "_step": 201, "Comm/send_delay": 0.002946138381958008, "BusyTime": 0.9183220863342285, "TotalTime": 103.05578589439392, "_wandb": {"runtime": 109}}