{"Micro F1": 0.6776199854877164, "_timestamp": 1709368542.437488, "_runtime": 17.992423057556152, "_step": 99, "_wandb": {"runtime": 16}}