{"MSE": 1.5630477666854858, "_timestamp": 1709479705.1228979, "_runtime": 1780.95161485672, "_step": 99, "_wandb": {"runtime": 1779}}