{"Comm/send_delay": 0.002534151077270508, "_timestamp": 1709298465.57056, "_runtime": 313.3645350933075, "_step": 701, "ListenStart": 1709298156.808172, "Client 0 Test/ROC-AUC": 0.9463087248322147, "Client 1 Test/ROC-AUC": 0.9463087248322147, "Client 2 Test/ROC-AUC": 0.9463087248322147, "Client 3 Test/ROC-AUC": 0.9463087248322147, "Test/ROC-AUC": 0.9463087248322147, "BusyTime": 0.566856861114502, "TotalTime": 308.76238107681274, "_wandb": {"runtime": 312}}