{"Micro F1": 0.8137768022961337, "_timestamp": 1709367843.239747, "_runtime": 23.56256914138794, "_step": 99, "_wandb": {"runtime": 21}}