{"MSE": 0.5875138640403748, "_timestamp": 1709462170.82261, "_runtime": 147.11082887649536, "_step": 199, "_wandb": {"runtime": 145}}