{"Micro F1": 0.8898975489560368, "_timestamp": 1709369211.0500638, "_runtime": 15.249352931976318, "_step": 99, "_wandb": {"runtime": 13}}