{"Micro F1": 0.8867851121774089, "_timestamp": 1709369189.257428, "_runtime": 17.382383823394775, "_step": 99, "_wandb": {"runtime": 15}}