{"ListenStart": 1709286994.209805, "_timestamp": 1709287010.767401, "_runtime": 20.142392873764038, "_step": 11, "Comm/send_delay": 0.002496957778930664, "BusyTime": 3.326167106628418, "TotalTime": 16.557585954666138, "_wandb": {"runtime": 19}}