{"ListenStart": 1709451691.710526, "_timestamp": 1709451845.9344141, "_runtime": 174.2809910774231, "_step": 201, "Comm/send_delay": 0.0019330978393554688, "BusyTime": 1.3997368812561035, "TotalTime": 154.22387981414795, "_wandb": {"runtime": 173}}