{"Comm/send_delay": 0.0023186206817626953, "_timestamp": 1708839833.720007, "_runtime": 336.34081292152405, "_step": 701, "ListenStart": 1708839501.0021179, "Client 0 Test/ROC-AUC": 0.5893899204244032, "Client 1 Test/ROC-AUC": 0.5893899204244032, "Client 2 Test/ROC-AUC": 0.5893899204244032, "Client 3 Test/ROC-AUC": 0.5893899204244032, "Test/ROC-AUC": 0.5893899204244032, "BusyTime": 0.35617589950561523, "TotalTime": 332.71788001060486, "_wandb": {"runtime": 335}}