{"MSE": 0.7245404124259949, "_timestamp": 1709462544.94015, "_runtime": 136.89912390708923, "_step": 199, "_wandb": {"runtime": 135}}