{"MSE": 0.6536712646484375, "_timestamp": 1709462274.339322, "_runtime": 97.52571702003479, "_step": 199, "_wandb": {"runtime": 95}}