{"MSE": 0.6831225752830505, "_timestamp": 1709462400.1684952, "_runtime": 118.62446212768555, "_step": 199, "_wandb": {"runtime": 116}}