{"ListenStart": 1708884909.1337879, "_timestamp": 1708885012.3643441, "_runtime": 110.4765260219574, "_step": 201, "Comm/send_delay": 0.0037322044372558594, "BusyTime": 0.9616978168487549, "TotalTime": 103.23054003715515, "_wandb": {"runtime": 109}}