{"ListenStart": 1709358091.699285, "_timestamp": 1709358106.348314, "_runtime": 18.31434202194214, "_step": 201, "Comm/send_delay": 0.0026810169219970703, "BusyTime": 0.14697694778442383, "TotalTime": 14.64901614189148, "_wandb": {"runtime": 17}}