{"MSE": 0.5673928260803223, "_timestamp": 1709461059.749717, "_runtime": 70.23978400230408, "_step": 199, "_wandb": {"runtime": 68}}