{"Comm/send_delay": 0.0028231143951416016, "_timestamp": 1709453586.2549329, "_runtime": 272.85431694984436, "_step": 337, "ListenStart": 1709453333.806567, "Client 0 Test/MAE": 0.6381509304046631, "MAE, RMSE, MSE": [[0.594709038734436], [0.777192234992981], [0.6040278077125549]], "Client 1 Test/MAE": 0.5653352737426758, "Client 2 Test/MAE": 0.5638360977172852, "Client 3 Test/MAE": 0.594709038734436, "Test / MSE": 0.5923909544944763, "BusyTime": 1.2848079204559326}