{"MSE": 1.873095154762268, "_timestamp": 1709481153.423723, "_runtime": 1031.944885969162, "_step": 99, "_wandb": {"runtime": 1029}}