{"Comm/send_delay": 0.0031228065490722656, "_timestamp": 1709473993.3723679, "_runtime": 1156.4730818271637, "_step": 701, "ListenStart": 1709472925.388895, "Client 0 Test/MAE": 0.8656953573226929, "MAE, RMSE, MSE": [[0.9005383253097534], [1.1690285205841064], [1.3666276931762695]], "Client 1 Test/MAE": 0.9356833100318909, "Client 2 Test/MAE": 0.9322988390922546, "Client 3 Test/MAE": 0.9005383253097534, "Test / MSE": 1.3592933416366577, "BusyTime": 2.204418897628784, "TotalTime": 1067.9834620952606, "_wandb": {"runtime": 1155}}