{"ListenStart": 1709453333.683976, "_timestamp": 1709453584.969045, "_runtime": 271.56343603134155, "_step": 96, "Comm/send_delay": 0.0022809505462646484, "BusyTime": 4.519161939620972}