{"ListenStart": 1708844725.2121012, "_timestamp": 1708845385.024023, "_runtime": 663.3608410358429, "_step": 401, "Comm/send_delay": 0.0018138885498046875, "BusyTime": 3.256572961807251, "TotalTime": 659.8119139671326, "_wandb": {"runtime": 662}}