{"Micro F1": 0.81993921998987, "_timestamp": 1709368077.126553, "_runtime": 21.197947025299072, "_step": 99, "_wandb": {"runtime": 19}}