{"ListenStart": 1708846472.778962, "_timestamp": 1708847113.356533, "_runtime": 643.9917960166931, "_step": 201, "Comm/send_delay": 0.001905202865600586, "BusyTime": 6.589788913726807, "TotalTime": 640.5775630474091, "_wandb": {"runtime": 643}}