{"MSE": 0.5920124053955078, "_timestamp": 1709466453.675811, "_runtime": 315.14522910118103, "_step": 199, "_wandb": {"runtime": 313}}