{"Comm/send_delay": 0.0025463104248046875, "_timestamp": 1709453638.137043, "_runtime": 28.68345808982849, "_step": 8, "ListenStart": 1709453631.805886, "Client 0 Test/MAE": 0.75797039270401, "MAE, RMSE, MSE": [[0.7993804216384888], [0.9717458486557007], [0.944290041923523]], "Client 1 Test/MAE": 0.7882081866264343, "Client 2 Test/MAE": 0.8952420353889465, "Client 3 Test/MAE": 0.7993804216384888, "Test / MSE": 0.9629786014556885, "BusyTime": 1.4296870231628418}