{"Comm/send_delay": 0.004015922546386719, "_timestamp": 1709477907.095309, "_runtime": 2986.057007074356, "_step": 701, "ListenStart": 1709475014.323155, "Client 0 Test/MAE": 0.888347864151001, "MAE, RMSE, MSE": [[0.9390349388122559], [1.2070705890655518], [1.457019329071045]], "Client 1 Test/MAE": 0.9569551348686218, "Client 2 Test/MAE": 0.9701720476150513, "Client 3 Test/MAE": 0.9390349388122559, "Test / MSE": 1.4425350427627563, "BusyTime": 10.679317951202393, "TotalTime": 2892.772143125534, "_wandb": {"runtime": 2981}}