{"ROC-AUC": 0.7888356750622698, "_timestamp": 1709303248.999574, "_runtime": 70.81020903587341, "_step": 99, "_wandb": {"runtime": 68}}