{"Accuracy": 0.893224595801761, "_timestamp": 1709302608.0437388, "_runtime": 72.89229488372803, "_step": 30, "_wandb": {"runtime": 73}}