{"Comm/send_delay": 0.0025200843811035156, "_timestamp": 1709301225.7829142, "_runtime": 217.79924416542053, "_step": 701, "ListenStart": 1709301019.266288, "Client 0 Test/ROC-AUC": 0.8838763172643165, "Client 1 Test/ROC-AUC": 0.8742225039736133, "Client 2 Test/ROC-AUC": 0.8749965546704886, "Client 3 Test/ROC-AUC": 0.8856954512462905, "Test/ROC-AUC": 0.8796977067886773, "BusyTime": 0.24924612045288086, "TotalTime": 206.5166187286377, "_wandb": {"runtime": 217}}