{"ROC-AUC": 0.77109599646096, "_timestamp": 1709303328.7776608, "_runtime": 73.0754189491272, "_step": 99, "_wandb": {"runtime": 71}}